{"DirectorySortOption":0,"DirectorySortDirection":0,"DirectoryGroupOption":0,"LayoutMode":4,"GridViewSize":100,"ColumnsViewModel":{"TagColumn":{"UserCollapsed":false,"Length":{"Value":0.0,"GridUnitType":1,"IsAbsolute":true,"IsAuto":false,"IsStar":false},"LengthIncludingGridSplitter":{"Value":0.0,"GridUnitType":1,"IsAbsolute":true,"IsAuto":false,"IsStar":false},"UserLength":{"Value":200.0,"GridUnitType":1,"IsAbsolute":true,"IsAuto":false,"IsStar":false},"UserLengthPixels":200.0},"NameColumn":{"UserCollapsed":false,"Length":{"Value":384.46601941747576,"GridUnitType":1,"IsAbsolute":true,"IsAuto":false,"IsStar":false},"LengthIncludingGridSplitter":{"Value":385.46601941747576,"GridUnitType":1,"IsAbsolute":true,"IsAuto":false,"IsStar":false},"UserLength":{"Value":384.46601941747576,"GridUnitType":1,"IsAbsolute":true,"IsAuto":false,"IsStar":false},"UserLengthPixels":384.46601941747576},"StatusColumn":{"UserCollapsed":false,"Length":{"Value":0.0,"GridUnitType":1,"IsAbsolute":true,"IsAuto":false,"IsStar":false},"LengthIncludingGridSplitter":{"Value":0.0,"GridUnitType":1,"IsAbsolute":true,"IsAuto":false,"IsStar":false},"UserLength":{"Value":50.0,"GridUnitType":1,"IsAbsolute":true,"IsAuto":false,"IsStar":false},"UserLengthPixels":50.0},"DateModifiedColumn":{"UserCollapsed":false,"Length":{"Value":384.46601941747576,"GridUnitType":1,"IsAbsolute":true,"IsAuto":false,"IsStar":false},"LengthIncludingGridSplitter":{"Value":385.46601941747576,"GridUnitType":1,"IsAbsolute":true,"IsAuto":false,"IsStar":false},"UserLength":{"Value":384.46601941747576,"GridUnitType":1,"IsAbsolute":true,"IsAuto":false,"IsStar":false},"UserLengthPixels":384.46601941747576},"OriginalPathColumn":{"UserCollapsed":false,"Length":{"Value":0.0,"GridUnitType":1,"IsAbsolute":true,"IsAuto":false,"IsStar":false},"LengthIncludingGridSplitter":{"Value":0.0,"GridUnitType":1,"IsAbsolute":true,"IsAuto":false,"IsStar":false},"UserLength":{"Value":200.0,"GridUnitType":1,"IsAbsolute":true,"IsAuto":false,"IsStar":false},"UserLengthPixels":200.0},"ItemTypeColumn":{"UserCollapsed":false,"Length":{"Value":384.46601941747576,"GridUnitType":1,"IsAbsolute":true,"IsAuto":false,"IsStar":false},"LengthIncludingGridSplitter":{"Value":385.46601941747576,"GridUnitType":1,"IsAbsolute":true,"IsAuto":false,"IsStar":false},"UserLength":{"Value":384.46601941747576,"GridUnitType":1,"IsAbsolute":true,"IsAuto":false,"IsStar":false},"UserLengthPixels":384.46601941747576},"DateDeletedColumn":{"UserCollapsed":false,"Length":{"Value":0.0,"GridUnitType":1,"IsAbsolute":true,"IsAuto":false,"IsStar":false},"LengthIncludingGridSplitter":{"Value":0.0,"GridUnitType":1,"IsAbsolute":true,"IsAuto":false,"IsStar":false},"UserLength":{"Value":200.0,"GridUnitType":1,"IsAbsolute":true,"IsAuto":false,"IsStar":false},"UserLengthPixels":200.0},"DateCreatedColumn":{"UserCollapsed":true,"Length":{"Value":0.0,"GridUnitType":1,"IsAbsolute":true,"IsAuto":false,"IsStar":false},"LengthIncludingGridSplitter":{"Value":0.0,"GridUnitType":1,"IsAbsolute":true,"IsAuto":false,"IsStar":false},"UserLength":{"Value":200.0,"GridUnitType":1,"IsAbsolute":true,"IsAuto":false,"IsStar":false},"UserLengthPixels":200.0},"SizeColumn":{"UserCollapsed":false,"Length":{"Value":384.46601941747576,"GridUnitType":1,"IsAbsolute":true,"IsAuto":false,"IsStar":false},"LengthIncludingGridSplitter":{"Value":385.46601941747576,"GridUnitType":1,"IsAbsolute":true,"IsAuto":false,"IsStar":false},"UserLength":{"Value":384.46601941747576,"GridUnitType":1,"IsAbsolute":true,"IsAuto":false,"IsStar":false},"UserLengthPixels":384.46601941747576},"TotalWidth":1561.8640776699031},"IsAdaptiveLayoutOverridden":false}